Workbook

Sheet Data
A1: PTED — Pre-Treatment & Electro-Deposition
A2: Parameter | B2: Unit | C2: LSL | D2: Target | E2: USL | F2: Jul-26 | G2: Day 1 | H2: Day 2 | I2: Day 3 | J2: Day 4 | K2: Day 5 | L2: Day 6 | M2: Day 7 | N2: Day 8 | O2: Day 9 | P2: Day 10 | Q2: Day 11 | R2: Day 12 | S2: Day 13 | T2: Day 14 | U2: Day 15 | V2: Day 16 | W2: Day 17 | X2: Day 18 | Y2: Day 19 | Z2: Day 20 | AA2: Day 21 | AB2: Day 22 | AC2: Day 23 | AD2: Day 24 | AE2: Day 25 | AF2: Day 26
A3: ED Bath NV% | B3: % | C3: 17 | D3: 18 | E3: 19 | F3: 18 | H3: 17.8 | I3: 17.3 | J3: 17.6 | K3: 17.6 | L3: 17.9 | M3: 17.9 | N3: 17.7 | O3: 17.6 | P3: 17.6 | Q3: 17.9 | R3: 17.9 | S3: 17.7 | T3: 17.9 | U3: 18.5 | V3: 17.4 | W3: 18.1 | X3: 17.8 | Y3: 18.5 | Z3: 17.8 | AA3: 19 | AB3: 18.5 | AC3: 18.8 | AD3: 18.5 | AE3: 18.4
A4: UF1 NV% | B4: % | F4: 0.75 | H4: 0.5 | I4: 0.7 | J4: 0.7 | K4: 0.7 | L4: 0.6 | M4: 0.8 | N4: 0.7 | O4: 0.7 | P4: 0.6 | Q4: 0.7 | R4: 0.9 | S4: 0.9 | T4: 0.7 | U4: 0.5 | V4: 1.1 | W4: 0.8 | X4: 0.8 | Y4: 0.9 | Z4: 0.6 | AA4: 0.6 | AB4: 0.7 | AC4: 1.1 | AD4: 0.8 | AE4: 0.9
A5: UF2 NV% | B5: % | F5: 0.66 | H5: 0.3 | I5: 0.9 | J5: 0.8 | K5: 0.8 | L5: 0.7 | M5: 0.6 | N5: 0.6 | O5: 0.6 | P5: 0.7 | Q5: 0.4 | R5: 0.6 | S5: 0.7 | T5: 0.6 | U5: 0.7 | V5: 0.4 | W5: 0.7 | X5: 0.8 | Y5: 0.7 | Z5: 0.6 | AA5: 0.6 | AB5: 0.8 | AC5: 0.9 | AD5: 0.7 | AE5: 0.7
A6: UF3 NV% | B6: % | F6: 0.67 | H6: 0.6 | I6: 0.6 | J6: 0.8 | K6: 0.7 | L6: 0.6 | M6: 0.6 | N6: 0.6 | O6: 0.7 | P6: 1 | Q6: 0.7 | R6: 0.5 | S6: 0.6 | T6: 1 | U6: 0.9 | V6: 0.3 | W6: 0.7 | X6: 0.5 | Y6: 0.7 | Z6: 0.8 | AA6: 0.7 | AB6: 0.6 | AC6: 0.5 | AD6: 0.7 | AE6: 0.8
A7: ED Bath pH | B7: pH | C7: 5.3 | D7: 5.55 | E7: 5.8 | F7: 5.31 | H7: 5.3 | I7: 5.3 | J7: 5.3 | K7: 5.3 | L7: 5.3 | M7: 5.3 | N7: 5.4 | O7: 5.3 | P7: 5.3 | Q7: 5.4 | R7: 5.3 | S7: 5.3 | T7: 5.4 | U7: 5.3 | V7: 5.3 | W7: 5.3 | X7: 5.3 | Y7: 5.3 | Z7: 5.3 | AA7: 5.3 | AB7: 5.3 | AC7: 5.3 | AD7: 5.3 | AE7: 5.3
A8: ED Drops | B8: cnt | C8: 0 | D8: 0.5 | E8: 1 | F8: 2.18 | H8: 3.2 | I8: 3.8 | J8: 4.2 | K8: 1.2 | L8: 4.6 | M8: 2.4 | N8: 1.6 | O8: 2 | P8: 1.8 | Q8: 2 | R8: 2.2 | S8: 1.8 | T8: 2.2 | U8: 2 | V8: 2 | W8: 1.8 | X8: 1.8 | Y8: 1.4 | Z8: 1.4 | AA8: 2 | AB8: 2 | AC8: 1.6 | AD8: 2 | AE8: 1.4
A9: Ash Content % | B9: % | C9: 13 | D9: 14.5 | E9: 16 | F9: 15.4 | S9: 15.9 | AA9: 14.9
A10: Phosphate Sludge | B10: ppm | C10: 60 | D10: 100 | E10: 140 | F10: 109.33 | M10: 110 | Q10: 72 | R10: 82 | S10: 91 | T10: 96 | U10: 98 | V10: 102 | W10: 125 | X10: 133 | Y10: 141 | Z10: 134 | AA10: 93 | AB10: 114 | AC10: 123 | AD10: 119
A11: Metal Dust/100 Veh. | B11: kg | C11: 0 | D11: 2 | E11: 4 | F11: 0.04 | P11: 0.15 | Q11: 0.07 | R11: 0.05 | S11: 0.04 | T11: 0.03 | U11: 0.02 | V11: 0.03 | W11: 0.02 | X11: 0.01 | Y11: 0.02 | Z11: 0.04 | AA11: 0.02 | AB11: 0.02
A12: ED Dust | B12: cnt | C12: 0 | D12: 0.5 | E12: 1 | F12: 3.96 | H12: 7.8 | I12: 5.3 | J12: 5 | K12: 3.6 | L12: 4.4 | M12: 5.8 | N12: 5 | O12: 3.2 | P12: 3.2 | Q12: 4.6 | R12: 5.9 | S12: 3.2 | T12: 3 | U12: 2.6 | V12: 2.6 | W12: 2.6 | X12: 2.6 | Y12: 2.2 | Z12: 2.6 | AA12: 2.4 | AB12: 2.6 | AC12: 2.4 | AD12: 2.4 | AE12: 0.4
A15: TOP COAT Monitoring
A16: Parameter | B16: Unit | C16: LSL | D16: Target | E16: USL | F16: Jul-26 | G16: Day 1 | H16: Day 2 | I16: Day 3 | J16: Day 4 | K16: Day 5 | L16: Day 6 | M16: Day 7 | N16: Day 8 | O16: Day 9 | P16: Day 10 | Q16: Day 11 | R16: Day 12 | S16: Day 13 | T16: Day 14 | U16: Day 15 | V16: Day 16 | W16: Day 17 | X16: Day 18 | Y16: Day 19 | Z16: Day 20 | AA16: Day 21 | AB16: Day 22 | AC16: Day 23 | AD16: Day 24 | AE16: Day 25 | AF16: Day 26
A17: Dust on ED body | B17: cnt | C17: 0 | D17: 2 | E17: 5
A18: Loose Dust on ED Body | B18: cnt
A19: Dust After IC | B19: cnt | C19: 0 | D19: 2 | E19: 5
A20: Dust After BC | B20: cnt | C20: 0 | D20: 2 | E20: 4
A21: Dust After CC | B21: cnt | C21: 0 | D21: 1 | E21: 3
A22: Dust after Oven | B22: cnt
A23: Env. Dust EDS (Avg) | B23: cnt | C23: 0 | D23: 5 | E23: 10
A24: Env. Dust PTCS (Avg) | B24: cnt | C24: 0 | D24: 5 | E24: 10
A25: Residue content (2HJ) | B25: mg | C25: 0 | D25: 2 | E25: 5
A26: Residue content (WBE) | B26: cnt | C26: 0 | D26: 2 | E26: 5
A27: Residue content (27Q) | B27: cnt | C27: 0 | D27: 2 | E27: 4
A28: TC Dust- Dark | B28: cnt
A29: TC Dust- Light | B29: cnt
A32: Note: values transcribed from the photo of your sheet (angled) — please verify against the source file. Blue cells on the chart sheets are formula-driven.

Sheet Control Chart
A1: SPC CONTROL CHART (Individuals / I-MR) | I1: row idx → | J1: =MATCH($C$3,'Data'!$A$3:$A$12,0)
A3: Select Parameter: | C3: ED Bath NV% | E3: ◀ pick from dropdown (4 fully-specified daily parameters)
A5: Unit | C5: =INDEX('Data'!$B$3:$B$12,$J$1)
A6: LSL (spec) | C6: =INDEX('Data'!$C$3:$C$12,$J$1)
A7: Target (spec) | C7: =INDEX('Data'!$D$3:$D$12,$J$1)
A8: USL (spec) | C8: =INDEX('Data'!$E$3:$E$12,$J$1)
A9: n (data points) | C9: =COUNT($C$21:$C$44)
A10: Mean (Centre Line) | C10: =AVERAGE($C$21:$C$44)
A11: MR-bar (avg moving range) | C11: =AVERAGE($K$22:$K$44)
A12: Sigma est. = MR-bar/1.128 | C12: =$C$11/1.128
A13: UCL = Mean + 2.66×MR-bar | C13: =$C$10+2.66*$C$11
A14: LCL = MAX(0, Mean − 2.66×MR-bar) | C14: =MAX(0,$C$10-2.66*$C$11)
A15: Cp = (USL−LSL)/(6σ) | C15: =IF(AND(ISNUMBER($C$8),ISNUMBER($C$6),$C$12>0),($C$8-$C$6)/(6*$C$12),"")
A16: Cpk = min(USL−X̄, X̄−LSL)/(3σ) | C16: =IF(AND(ISNUMBER($C$8),ISNUMBER($C$6),$C$12>0),MIN($C$8-$C$10,$C$10-$C$6)/(3*$C$12),"")
A18: Cpk ≥ 1.33 capable · 1.00–1.33 marginal · <1.00 not capable · negative = mean outside spec
A20: Day | B20: DayNo | C20: Value | D20: Mean | E20: UCL | F20: LCL | G20: USL | H20: LSL | K20: MR
A21: Day 2 | B21: 2 | C21: =IFERROR(INDEX('Data'!$G$3:$AF$12,$J$1,$B21),"") | D21: =$C$10 | E21: =$C$13 | F21: =$C$14 | G21: =$C$8 | H21: =$C$6
A22: Day 3 | B22: 3 | C22: =IFERROR(INDEX('Data'!$G$3:$AF$12,$J$1,$B22),"") | D22: =$C$10 | E22: =$C$13 | F22: =$C$14 | G22: =$C$8 | H22: =$C$6 | K22: =ABS($C22-$C21)
A23: Day 4 | B23: 4 | C23: =IFERROR(INDEX('Data'!$G$3:$AF$12,$J$1,$B23),"") | D23: =$C$10 | E23: =$C$13 | F23: =$C$14 | G23: =$C$8 | H23: =$C$6 | K23: =ABS($C23-$C22)
A24: Day 5 | B24: 5 | C24: =IFERROR(INDEX('Data'!$G$3:$AF$12,$J$1,$B24),"") | D24: =$C$10 | E24: =$C$13 | F24: =$C$14 | G24: =$C$8 | H24: =$C$6 | K24: =ABS($C24-$C23)
A25: Day 6 | B25: 6 | C25: =IFERROR(INDEX('Data'!$G$3:$AF$12,$J$1,$B25),"") | D25: =$C$10 | E25: =$C$13 | F25: =$C$14 | G25: =$C$8 | H25: =$C$6 | K25: =ABS($C25-$C24)
A26: Day 7 | B26: 7 | C26: =IFERROR(INDEX('Data'!$G$3:$AF$12,$J$1,$B26),"") | D26: =$C$10 | E26: =$C$13 | F26: =$C$14 | G26: =$C$8 | H26: =$C$6 | K26: =ABS($C26-$C25)
A27: Day 8 | B27: 8 | C27: =IFERROR(INDEX('Data'!$G$3:$AF$12,$J$1,$B27),"") | D27: =$C$10 | E27: =$C$13 | F27: =$C$14 | G27: =$C$8 | H27: =$C$6 | K27: =ABS($C27-$C26)
A28: Day 9 | B28: 9 | C28: =IFERROR(INDEX('Data'!$G$3:$AF$12,$J$1,$B28),"") | D28: =$C$10 | E28: =$C$13 | F28: =$C$14 | G28: =$C$8 | H28: =$C$6 | K28: =ABS($C28-$C27)
A29: Day 10 | B29: 10 | C29: =IFERROR(INDEX('Data'!$G$3:$AF$12,$J$1,$B29),"") | D29: =$C$10 | E29: =$C$13 | F29: =$C$14 | G29: =$C$8 | H29: =$C$6 | K29: =ABS($C29-$C28)
A30: Day 11 | B30: 11 | C30: =IFERROR(INDEX('Data'!$G$3:$AF$12,$J$1,$B30),"") | D30: =$C$10 | E30: =$C$13 | F30: =$C$14 | G30: =$C$8 | H30: =$C$6 | K30: =ABS($C30-$C29)
A31: Day 12 | B31: 12 | C31: =IFERROR(INDEX('Data'!$G$3:$AF$12,$J$1,$B31),"") | D31: =$C$10 | E31: =$C$13 | F31: =$C$14 | G31: =$C$8 | H31: =$C$6 | K31: =ABS($C31-$C30)
A32: Day 13 | B32: 13 | C32: =IFERROR(INDEX('Data'!$G$3:$AF$12,$J$1,$B32),"") | D32: =$C$10 | E32: =$C$13 | F32: =$C$14 | G32: =$C$8 | H32: =$C$6 | K32: =ABS($C32-$C31)
A33: Day 14 | B33: 14 | C33: =IFERROR(INDEX('Data'!$G$3:$AF$12,$J$1,$B33),"") | D33: =$C$10 | E33: =$C$13 | F33: =$C$14 | G33: =$C$8 | H33: =$C$6 | K33: =ABS($C33-$C32)
... A44: Day 25 | B44: 25 | C44: =IFERROR(INDEX('Data'!$G$3:$AF$12,$J$1,$B44),"") | D44: =$C$10 | E44: =$C$13 | F44: =$C$14 | G44: =$C$8 | H44: =$C$6 | K44: =ABS($C44-$C43)

Sheet Phosphate Sludge Chart
A1: PHOSPHATE SLUDGE — Control Chart (rising-trend / USL breach)
A3: USL (spec) | C3: ='Data'!$E$10
A4: Target | C4: ='Data'!$D$10
A5: LSL (spec) | C5: ='Data'!$C$10
A6: Mean | C6: =AVERAGE($C$12:$C$26)
A7: MR-bar | C7: =AVERAGE($H$13:$H$26)
A8: UCL = Mean+2.66×MR-bar | C8: =$C$6+2.66*$C$7
A9: LCL = MAX(0,Mean−2.66×MR-bar) | C9: =MAX(0,$C$6-2.66*$C$7)
A11: Day | B11: Value | C11: Mean | D11: UCL | E11: LCL | F11: USL | G11: LSL | H11: MR
A12: Day 7 | B12: ='Data'!M10 | C12: =$C$6 | D12: =$C$8 | E12: =$C$9 | F12: =$C$3 | G12: =$C$5
A13: Day 11 | B13: ='Data'!Q10 | C13: =$C$6 | D13: =$C$8 | E13: =$C$9 | F13: =$C$3 | G13: =$C$5 | H13: =ABS($B13-$B12)
A14: Day 12 | B14: ='Data'!R10 | C14: =$C$6 | D14: =$C$8 | E14: =$C$9 | F14: =$C$3 | G14: =$C$5 | H14: =ABS($B14-$B13)
A15: Day 13 | B15: ='Data'!S10 | C15: =$C$6 | D15: =$C$8 | E15: =$C$9 | F15: =$C$3 | G15: =$C$5 | H15: =ABS($B15-$B14)
A16: Day 14 | B16: ='Data'!T10 | C16: =$C$6 | D16: =$C$8 | E16: =$C$9 | F16: =$C$3 | G16: =$C$5 | H16: =ABS($B16-$B15)
A17: Day 15 | B17: ='Data'!U10 | C17: =$C$6 | D17: =$C$8 | E17: =$C$9 | F17: =$C$3 | G17: =$C$5 | H17: =ABS($B17-$B16)
A18: Day 16 | B18: ='Data'!V10 | C18: =$C$6 | D18: =$C$8 | E18: =$C$9 | F18: =$C$3 | G18: =$C$5 | H18: =ABS($B18-$B17)
A19: Day 17 | B19: ='Data'!W10 | C19: =$C$6 | D19: =$C$8 | E19: =$C$9 | F19: =$C$3 | G19: =$C$5 | H19: =ABS($B19-$B18)
A20: Day 18 | B20: ='Data'!X10 | C20: =$C$6 | D20: =$C$8 | E20: =$C$9 | F20: =$C$3 | G20: =$C$5 | H20: =ABS($B20-$B19)
A21: Day 19 | B21: ='Data'!Y10 | C21: =$C$6 | D21: =$C$8 | E21: =$C$9 | F21: =$C$3 | G21: =$C$5 | H21: =ABS($B21-$B20)
A22: Day 20 | B22: ='Data'!Z10 | C22: =$C$6 | D22: =$C$8 | E22: =$C$9 | F22: =$C$3 | G22: =$C$5 | H22: =ABS($B22-$B21)
A23: Day 21 | B23: ='Data'!AA10 | C23: =$C$6 | D23: =$C$8 | E23: =$C$9 | F23: =$C$3 | G23: =$C$5 | H23: =ABS($B23-$B22)
A24: Day 22 | B24: ='Data'!AB10 | C24: =$C$6 | D24: =$C$8 | E24: =$C$9 | F24: =$C$3 | G24: =$C$5 | H24: =ABS($B24-$B23)
A25: Day 23 | B25: ='Data'!AC10 | C25: =$C$6 | D25: =$C$8 | E25: =$C$9 | F25: =$C$3 | G25: =$C$5 | H25: =ABS($B25-$B24)
A26: Day 24 | B26: ='Data'!AD10 | C26: =$C$6 | D26: =$C$8 | E26: =$C$9 | F26: =$C$3 | G26: =$C$5 | H26: =ABS($B26-$B25)

Sheet Insights
B2: ANALYSIS & INSIGHTS — PTED Monitoring (current month)
B5: PRIORITY ISSUES
B6: 1. ED Drops — OUT OF SPEC | C6: Daily values 1.2–4.6 vs USL 1.00 (target 0.50). Every single day is above the upper spec limit; Jul avg 2.18. Cpk is strongly negative — the process mean sits well outside spec. This is the #1 action item and links to ED-bath NV / drop-control work.
B7: 2. Phosphate Sludge — rising, breached USL | C7: Climbed Day11→19 from 72 to 141 ppm, crossing USL 140 at Day19, then dropped to 93 (Day21) — consistent with a de-sludging action. Trend is the risk, not a single point. Add a reaction trigger around 120 ppm and schedule de-sludging before USL.
B8: 3. ED Bath pH — low-side bias | C8: Runs at 5.3 nearly every day = right at LSL 5.30, below target 5.55. Little margin before going out of spec on the low side. Nudge control toward 5.5–5.6.
B10: IMPROVING / GOOD
B11: 4. ED Dust — improving fast | C11: Clear downward trend: 7.8 (Day2) → ~2.6 mid-month → 0.4 (Day25). Countermeasures are working. Still above USL 1.0 on most days, so keep going to bring it inside spec.
B12: 5. ED Bath NV% — mostly in control | C12: Range 17.3–19.0 within spec (17–19). Slight upward drift toward USL 19 around Day21 — watch the upper side so it doesn't creep out.
B13: 6. Metal Dust/100 Veh — well within spec | C13: 0.01–0.15 kg vs target 2.0 / USL 4.0 — far below limits. Either genuinely excellent or worth a quick check that the measurement/units are right.
B15: DATA / METHOD NOTES
B16: UF1 / UF2 / UF3 NV% | C16: No spec limits (LSL/Target/USL) defined — add them so these can be put on control charts and judged as in/out of spec.
B17: Ash Content % | C17: Only two readings this month (Day13, Day21). Increase sampling frequency if it is a control parameter.
B18: Missing days | C18: Day 1 and Day 26 are blank (holiday / not recorded). Control limits are computed only on days with data.
B19: Control-limit method | C19: Individuals (I-MR) chart: Mean = average of daily readings; UCL/LCL = Mean ± 2.66 × MR-bar (MR-bar = average |dayₙ − dayₙ₋₁|); Sigma = MR-bar/1.128. USL/LSL are your spec limits (not the same as control limits). All computed live by formula on the chart sheets.
B20: Control limits vs spec | C20: UCL/LCL show how the process actually behaves (voice of the process); USL/LSL show what is allowed (voice of the customer). A parameter can be in control yet out of spec — e.g., ED Drops.
B21: Source | C21: Values transcribed from your photographed sheet (angled image). Verify against the original before presenting; every chart updates automatically once you correct any cell in the Data sheet.
